{
  "dashboard":{
	"users|Usuários|group": 
	[
	  "text=Usuários|route=users|icon=",
	  "text=Novo usuário|route=users/create|icon="
	],
	"usersx|Segurança|lock": 
	[
	  "text=Funções|route=settings/roles|icon=",
	  "text=Permissões|route=settings/roles/edit|icon="
	],
	"settings|Configurações|settings": 
	[
	  "text=Gerais|route=settings/environment|icon=",
	  "text=Tema|route=settings/theme|icon=",
	  "text=SMTP|route=settings/smtp|icon=",
	  "text=Banco de dados|route=settings/db|icon=",
	  "text=Chave de API|route=settings/key-api|icon="
	],
	"modules":"text=Módulos|route=settings/modules|icon=widgets"
  }
}